Week Ending,Price,Taxes,Marketing Margin,Refining Margin,Avg Max Temp (°C),Avg Min Temp (°C),Avg Precip (mm),"Total CPI, (seasonally adjusted)",W.BCPI,W.ENER,Fuel Tax Rate
2016-06-28,-0.971169538,-1.26281269,0.46444043429331094,-0.475318844,1.3266824514538245,1.115888148691641,-0.825383628,-1.24822905,-0.98375946,-0.867598653,0.6097105355881632
2016-07-05,-0.971169538,-1.26281269,0.6848355096364624,-0.406122593,1.2832385965822803,0.9374515382957153,-0.737929359,-1.257578674,-0.994583342,-0.865678799,0.6097105355881632
2016-07-12,-1.093427004,-1.31102531,1.0705268914869768,-0.655229098,1.4570140170494466,1.422819928185204,-0.517306093,-1.257578674,-0.979120653,-0.872980061,0.6097105355881632
2016-07-19,-1.132864897,-1.327096184,0.4093416654575233,-0.530675845,1.3238796229300394,1.169991378130373,-0.362273527,-1.257578674,-1.063134596,-1.024532146,0.6097105355881632
2016-07-26,-1.176246578,-1.343167057,0.5195392031290986,-0.530675845,1.5985569006641707,1.4196985878992232,0.013382305749578273,-1.257578674,-1.066374397,-1.034480479,0.6097105355881632
2016-08-02,-1.207796892,-1.359237931,0.6297367408006749,-0.323087091,1.3322881104633753,1.4056525582510122,-0.171464215,-1.24822905,-1.139711721,-1.139112504,0.6097105355881632
2016-08-09,-1.188077946,-1.359237931,0.29914412778594807,-0.309247841,1.548105971540193,1.422819928185204,-0.964515417,-1.24822905,-1.222989345,-1.270506126,0.6097105355881632
2016-08-16,-1.235403417,-1.375308804,0.5746379719648872,-0.7659431,1.510034205817059,1.6069789963183296,1.5815963369836012,-1.24822905,-1.18065103,-1.199500629,0.6097105355881632
2016-08-23,-1.156527632,-1.343167057,0.4093416654575233,-0.807460851,1.3070626459013865,1.2324181805725858,-0.65842548,-1.24822905,-1.088463952,-1.049839309,0.6097105355881632
2016-08-30,-1.109202161,-1.327096184,0.46444043429331094,-0.627550597,1.4205772354493462,1.3338617349508568,-0.225129334,-1.24822905,-1.02550872,-0.923914361,0.6097105355881632
2016-09-06,-1.203853103,-1.359237931,1.180724429158553,-1.208799109,1.1430971282104392,1.0248490619333062,-0.946627044,-1.229529802,-1.081910718,-0.95884988,0.6097105355881632
2016-09-13,-1.255122363,-1.391379677,0.078749052,-1.416387863,1.3224782076871564,1.2183721498319058,1.3132707422159344,-1.229529802,-1.150535603,-1.067263435,0.6097105355881632
2016-09-20,-1.140752475,-1.327096184,0.46444043429331094,-0.918174853,0.9202721938621781,0.9764682902317738,-0.314571199,-1.229529802,-1.118800275,-0.998730477,0.6097105355881632
2016-09-27,-1.184134157,-1.359237931,0.24404535895015947,-1.167281358,0.6206030214271985,0.6268781956814087,-0.247986699,-1.229529802,-1.168649039,-1.081400539,0.6097105355881632
2016-10-04,-1.089483215,-1.31102531,0.24404535895015947,-1.153442108,0.4550025196132181,0.828204634,-0.541157257,-1.20148093,-1.093618182,-0.988956676,0.6097105355881632
2016-10-11,-1.034270166,-1.278883564,-0.086547254,-1.208799109,0.3793261269082416,0.3802923251060706,-0.80352006,-1.20148093,-1.023078868,-0.839295356,0.6097105355881632
2016-10-18,-1.06187669,-1.294954437,0.29914412778594807,-1.361030862,0.5629114501516267,0.5191919607311754,-0.827371224,-1.20148093,-0.976249011,-0.721806129,0.6097105355881632
2016-10-25,-1.002719852,-1.26281269,0.023650283607008944,-1.153442108,-0.167225599,-0.003632511,-0.296682826,-1.20148093,-0.979636076,-0.719217235,0.6097105355881632
2016-11-01,-1.022438798,-1.278883564,0.4093416654575233,-1.070406606,-0.262521798,-0.346979925,-0.356310736,-1.220180178,-1.017261952,-0.786528468,0.6097105355881632
2016-11-08,-1.026382587,-1.278883564,0.24404535895015947,-0.613711347,0.061204993,0.024459550311484002,0.5858102409478447,-1.220180178,-1.076241065,-0.917107607,0.6097105355881632
2016-11-15,-1.211740681,-1.359237931,0.6297367408006749,-1.25031686,-0.151109331,-0.400042707,-0.964515417,-1.220180178,-1.157383365,-1.07494285,0.6097105355881632
2016-11-22,-1.278785098,-1.391379677,-0.031448485,-1.485584114,-0.509170782,-0.548306364,-0.612710749,-1.220180178,-1.163494809,-1.094141386,0.6097105355881632
2016-11-29,-1.176246578,-1.343167057,0.078749052,-1.208799109,-0.699763179,-0.403164047,-0.177427006,-1.220180178,-1.082499772,-0.965947521,0.6097105355881632
2016-12-06,-1.06187669,-1.294954437,-0.251843561,-1.181120608,-0.713777326,-0.418770748,0.10282417053300229,-1.182781681,-1.049365439,-0.93060476,0.6097105355881632
2016-12-13,-1.034270166,-1.278883564,0.3542428966217357,-1.291834611,-1.312181395,-1.144482328,0.10282417053300229,-1.182781681,-0.925001243,-0.694113694,0.6097105355881632
2016-12-20,-1.018495009,-1.278883564,-0.086547254,-1.236477609,-1.704577506,-1.725051592,0.1087869614072585,-1.182781681,-0.906814175,-0.651906002,0.6097105355881632
2016-12-27,-0.896237542,-1.21460007,-0.086547254,-1.084245856,-0.914179625,-0.891653778,0.2220799905224976,-1.182781681,-0.935677861,-0.67863851,0.6097105355881632
2017-01-03,-0.758204919,-1.150316576,-0.141646023,-0.724425349,-1.117384754,-0.813230107,0.2876706913915016,-1.107984689,-0.900555468,-0.582878536,0.6097105355881632
2017-01-10,-0.695104291,-1.11817483,0.24404535895015947,-0.516836595,-1.647119504,-1.725051592,0.16245208052775004,-1.107984689,-0.877287803,-0.550153757,0.6097105355881632
2017-01-17,-0.762148708,-1.150316576,0.24404535895015947,-0.641389848,-1.111779095,-1.097662226,1.0270567744081036,-1.107984689,-0.870440041,-0.563360023,0.6097105355881632
2017-01-24,-0.781867654,-1.16638745,0.6297367408006749,-0.807460851,-0.975841871,-0.538942343,-0.910850298,-1.107984689,-0.841281828,-0.554662504,0.6097105355881632
2017-01-31,-0.860743439,-1.198529197,0.6297367408006749,-1.098085107,-1.343012518,-1.052402794,-0.487492138,-1.107984689,-0.829353468,-0.548262992,0.6097105355881632
2017-02-07,-0.935675435,-1.230670943,0.29914412778594807,-1.27799536,-1.328998371,-1.241243872,-0.028357231,-1.126683937,-0.797397244,-0.502739189,0.6097105355881632
2017-02-14,-0.904125121,-1.21460007,0.18894659011437184,-1.042728106,-1.250519149,-1.328641396,0.22804278139675382,-1.126683937,-0.769417141,-0.53918732,0.6097105355881632
2017-02-21,-0.90806891,-1.230670943,0.5195392031290986,-1.27799536,-0.842707476,-0.980611972,-0.839296806,-1.126683937,-0.751450969,-0.547739396,0.6097105355881632
2017-02-28,-0.935675435,-1.230670943,0.29914412778594807,-1.388709362,-0.47553683,-0.526456983,-0.290720035,-1.126683937,-0.764189279,-0.564378128,0.6097105355881632
2017-03-07,-0.943563013,-1.246741817,0.5195392031290986,-1.471744864,-1.191659732,-1.336704858,1.0111559984651568,-1.145383185,-0.749757436,-0.536598427,0.6097105355881632
2017-03-14,-0.900181332,-1.21460007,0.023650283607008944,-0.724425349,-1.51118228,-1.579909276,-0.731966569,-1.145383185,-0.817793267,-0.601582565,0.6097105355881632
2017-03-21,-0.927787856,-1.230670943,0.1338478212785842,-0.821300101,-0.949214992,-1.080494856,-0.86314797,-1.145383185,-0.939874877,-0.785888517,0.6097105355881632
2017-03-28,-0.892293753,-1.21460007,0.18894659011437184,-0.7659431,-0.726390058,-0.754314812,0.090898589,-1.145383185,-0.911452982,-0.769918825,0.6097105355881632
2017-04-04,-0.758204919,-1.150316576,0.24404535895015947,-0.738264599,-0.49375522,-0.393800027,1.3192335330901905,-1.107984689,-0.896579348,-0.741091931,0.6097105355881632
2017-04-11,-0.671441556,-1.11817483,0.023650283607008944,-0.710586099,-0.209968747,-0.195594929,1.1155048408516166,-1.107984689,-0.796145503,-0.569788624,0.6097105355881632
2017-04-18,-0.430870412,-1.005678716,0.6848355096364624,-0.129337587,-0.062119498,-0.23305101,-0.74389215,-1.107984689,-0.713972357,-0.443078282,0.6097105355881632
2017-04-25,-0.557071668,-1.053891336,0.24404535895015947,-0.101659087,-0.049506766,-0.151896167,0.7468055978919239,-1.107984689,-0.727152458,-0.473272344,0.6097105355881632
2017-05-02,-0.687216713,-1.11817483,0.5195392031290986,-0.502997345,0.079423385,0.083765013,2.064582407398444,-1.126683937,-0.800563414,-0.618919425,0.6097105355881632
2017-05-09,-0.817361758,-1.182458323,0.24404535895015947,-0.489158094,-0.286345848,-0.186230909,2.1659498543477755,-1.126683937,-0.813596252,-0.640037815,0.6097105355881632
2017-05-16,-0.773980076,-1.16638745,0.078749052,-0.461479594,0.10605026343600277,0.1180997541932966,-0.928738671,-1.126683937,-0.888774372,-0.758079728,0.6097105355881632
2017-05-23,-0.695104291,-1.11817483,0.078749052,-0.309247841,0.5326408928734384,0.48079947728930056,0.46506372344848296,-1.126683937,-0.816246998,-0.645681022,0.6097105355881632
2017-05-30,-0.639891242,-1.102103956,0.4093416654575233,-0.198533839,0.496344253,0.6409242264220885,3.6129204701646676,-1.126683937,-0.765293757,-0.556000584,0.6097105355881632
2017-06-06,-0.706935659,-1.134245703,0.4093416654575233,-0.184694588,0.4970449602228693,0.49578191022502155,-0.32053399,-1.126683937,-0.805791275,-0.623224551,0.6097105355881632
2017-06-13,-0.860743439,-1.198529197,0.46444043429331094,-0.406122593,1.2108321711423802,1.0740101689794512,-0.964515417,-1.126683937,-0.864328597,-0.742371834,0.6097105355881632
2017-06-20,-0.971169538,-1.246741817,0.6848355096364624,-0.544515096,1.0842377115531252,1.1184892661428594,-0.177427006,-1.126683937,-0.896800243,-0.829550644,0.6097105355881632
2017-06-27,-1.030326376,-1.278883564,0.29914412778594807,-0.516836595,0.8095604338189941,0.8547360245408607,1.8558847226255246,-1.126683937,-0.956589307,-0.93482262,0.6097105355881632
2017-07-04,-0.967225749,-1.246741817,-0.362041098,-0.364604842,1.1010546876007878,0.9561795789191321,-0.034320022,-1.107984689,-0.953864928,-0.931390155,0.6097105355881632
2017-07-11,-0.864687228,-1.198529197,0.078749052,-0.046302086,1.1963508868391926,1.1575060169864493,-0.612710749,-1.107984689,-0.865064916,-0.804359837,0.6097105355881632
2017-07-18,-0.844968282,-1.198529197,0.18894659011437184,-0.073980586,1.063216491738795,1.2339788501693416,-0.308608408,-1.107984689,-0.888479844,-0.859279287,0.6097105355881632
2017-07-25,-0.809474179,-1.182458323,0.078749052,0.022894165771683867,1.0688221507483457,1.2402215307413036,0.7587311800578318,-1.107984689,-0.833182324,-0.777452797,0.6097105355881632
2017-08-01,-0.777923865,-1.16638745,-0.306942329,-0.018623585,1.197752301101085,1.2105687996631878,-0.493454929,-1.079935816,-0.82147486,-0.754618173,0.6097105355881632
2017-08-08,-0.695104291,-1.11817483,0.46444043429331094,0.064411917,1.0534065889625757,1.0357737523880053,-0.32053399,-1.079935816,-0.759550473,-0.648269915,0.6097105355881632
2017-08-15,-0.746373551,-1.150316576,0.29914412778594807,-0.004784335,1.1571112757343167,1.0982005548302176,-0.964515417,-1.079935816,-0.764778334,-0.660603521,0.6097105355881632
2017-08-22,-0.785811444,-1.16638745,0.29914412778594807,0.022894165771683867,1.1374914701818786,1.202765449,-0.451715392,-1.079935816,-0.797323612,-0.717006495,0.6097105355881632
2017-08-29,-0.762148708,-1.150316576,-0.306942329,0.3550361724228693,0.7492996028997875,0.7969912319813852,-0.964515417,-1.079935816,-0.801078837,-0.721951572,0.6097105355881632
2017-09-05,-0.367769784,-0.973536969,-2.510893083,2.001906955401665,0.6708203806900356,0.6534095864735434,0.2220799905224976,-1.051886944,-0.824420134,-0.775271145,0.6097105355881632
2017-09-12,-0.281006421,-0.925324349,1.346020735665916,1.351462192376426,0.5629114501516267,0.455204489,-0.654450286,-1.051886944,-0.801520628,-0.752960118,0.6097105355881632
2017-09-19,-0.667497767,-1.11817483,0.5195392031290986,0.14744741826587826,1.1234773226580015,1.1372173067662763,-0.964515417,-1.051886944,-0.786205203,-0.727798399,0.6097105355881632
2017-09-26,-0.667497767,-1.11817483,0.7950330473080377,-0.046302086,1.4149715764397954,1.3931671971070883,-0.964515417,-1.051886944,-0.754911666,-0.641172274,0.6097105355881632
2017-10-03,-0.671441556,-1.11817483,1.8419096551880065,-0.447640344,0.5587072063849587,0.32722954286631956,-0.821408433,-1.033187696,-0.719789273,-0.5652217,0.6097105355881632
2017-10-10,-0.770036287,-1.16638745,0.9603293538154016,-0.502997345,0.8389901421476508,0.823522624,0.26381952747708154,-1.033187696,-0.740774351,-0.593146844,0.6097105355881632
2017-10-17,-0.706935659,-1.134245703,1.2909219668301284,-0.572193596,0.2588044640888385,0.24451402943920592,-0.189352588,-1.033187696,-0.744235048,-0.622642778,0.6097105355881632
2017-10-24,-0.620172296,-1.086033083,1.180724429158553,-0.212373089,0.5502987178706324,0.445840468,-0.386124691,-1.033187696,-0.686507676,-0.561178371,0.6097105355881632
2017-10-31,-0.462420726,-1.021749589,0.905230585,0.078251167,-0.30152784,-0.192473589,-0.554076637,-1.033187696,-0.679365387,-0.572144808,0.6097105355881632
2017-11-07,-0.348050838,-0.957466096,1.0154281226511892,0.14744741826587826,-0.285178002,-0.179988228,0.9068071560786971,-0.958390703,-0.623699707,-0.493430808,0.6097105355881632
2017-11-14,-0.292837789,-0.941395222,1.6215145798448551,0.064411917,-0.918383869,-0.883850427,-0.851222389,-0.958390703,-0.543956412,-0.374894388,0.6097105355881632
2017-11-21,-0.426926623,-1.005678716,1.7317121175164314,-0.26773009,-0.692756105,-0.631021877,0.31748464618017785,-0.958390703,-0.534826062,-0.367214973,0.6097105355881632
2017-11-28,-0.359882206,-0.973536969,1.4011195045017046,-0.101659087,-0.638334502,-0.652871258,-0.908862701,-0.958390703,-0.587767364,-0.420476368,0.6097105355881632
2017-12-05,-0.359882206,-0.973536969,1.6215145798448551,-0.115498337,-0.525987758,-0.503046932,-0.374199109,-0.949041079,-0.574366367,-0.378006878,0.6097105355881632
2017-12-12,-0.407207677,-0.989607842,1.5113170421732798,0.1197689177116129,-1.365435153,-1.200666451,-0.55904563,-0.949041079,-0.60632259,-0.42510147,0.6097105355881632
2017-12-19,-0.438757991,-1.005678716,1.7317121175164314,0.23048291992867487,-1.584055843,-1.67354948,-0.74389215,-0.949041079,-0.677230063,-0.525370192,0.6097105355881632
2017-12-26,-0.383544941,-0.973536969,1.346020735665916,0.5764641768569932,-1.620492625,-1.490951083,0.073010216,-0.949041079,-0.734294748,-0.644022966,0.6097105355881632
2018-01-02,-0.316500524,-0.941395222,1.4011195045017046,0.631821178,-2.32540421,-2.63648291,-0.869110761,-0.902292958,-0.699835041,-0.622991842,0.6097105355881632
2018-01-09,-0.379601152,-0.973536969,1.0705268914869768,0.313518422,-1.97505054,-2.205737972,-0.618673539,-0.902292958,-0.589240001,-0.460444231,0.6097105355881632
2018-01-16,-0.288894,-0.941395222,1.2909219668301284,0.14744741826587826,-1.344413933,-1.562741906,0.9197265365845156,-0.902292958,-0.526063872,-0.382282916,0.6097105355881632
2018-01-23,-0.213962004,-0.893182602,1.5664158110090676,0.4380716740856659,-1.174842756,-1.131996968,-0.147613051,-0.902292958,-0.449486747,-0.261012159,0.6097105355881632
2018-01-30,-0.170580322,-0.877111729,1.1256256603227655,0.631821178,-1.288357345,-1.344248097,-0.547120048,-0.902292958,-0.465980281,-0.296733072,0.6097105355881632
2018-02-06,-0.190299269,-0.893182602,1.346020735665916,0.6041426774112586,-1.527999256,-1.91389267,-0.49941772,-0.874244086,-0.449118588,-0.286261143,0.6097105355881632
2018-02-13,-0.308612946,-0.941395222,1.786810886352219,0.38271467297713463,-1.68776053,-1.609562008,0.2995962735574092,-0.874244086,-0.542999198,-0.439762171,0.6097105355881632
2018-02-20,-0.411151466,-0.989607842,1.180724429158553,0.10592966743447997,-0.78384806,-0.804256254,0.28170790051724537,-0.874244086,-0.637689759,-0.591110635,0.6097105355881632
2018-02-27,-0.296781578,-0.941395222,1.2358231979943408,0.13360816798874584,-0.532994832,-0.719980071,-0.153575842,-0.874244086,-0.570463878,-0.521414129,0.6097105355881632
2018-03-06,-0.296781578,-0.941395222,1.346020735665916,-0.004784335,-0.847612428,-0.742219619,-0.526250279,-0.864894462,-0.504931531,-0.414338654,0.6097105355881632
2018-03-13,-0.277062632,-0.925324349,1.5664158110090676,0.050572666325949235,-1.162230024,-0.972808621,-0.898924716,-0.864894462,-0.526284768,-0.439616727,0.6097105355881632
2018-03-20,-0.221849583,-0.909253475,1.1256256603227655,0.23048291992867487,-1.099166363,-1.247486553,-0.940664253,-0.864894462,-0.551172333,-0.479730034,0.6097105355881632
2018-03-27,-0.068041802,-0.828899108,0.9603293538154016,0.42423242380853293,-0.908573966,-1.000900682,-0.749854942,-0.864894462,-0.510527552,-0.375156186,0.6097105355881632
2018-04-03,0.006890193,-0.796757362,1.8419096551880065,0.4934286751941966,-0.78384806,-0.659113938,1.1582381765635066,-0.855544838,-0.423273808,-0.218339047,0.6097105355881632
2018-04-10,-0.012828753,-0.812828235,1.4562182733374922,0.7010174293511876,-1.02092071,-1.092980216,-0.533206869,-0.855544838,-0.399711615,-0.192130136,0.6097105355881632
2018-04-17,0.14097902737100304,-0.732473868,1.2358231979943408,0.9778024348938428,-0.907172552,-0.763678832,4.902870921562333,-0.855544838,-0.328509615,-0.119641115,0.6097105355881632
2018-04-24,0.16464176280174428,-0.716402995,1.4011195045017046,0.8670884326767803,-0.314374141,-0.432816779,-0.773706106,-0.855544838,-0.211140444,0.032841808,0.6097105355881632
2018-05-01,0.24351754757087873,-0.684261248,1.6766133486806436,0.9501239343395769,0.051395091,-0.279871112,0.26381952747708154,-0.846195214,-0.178079743,0.059457961,0.6097105355881632
2018-05-08,0.1922482874709409,-0.716402995,1.4562182733374922,0.7148566796283206,0.6652147216804848,0.439597787,-0.392087482,-0.846195214,-0.178006111,0.085114188,0.6097105355881632
2018-05-15,0.2356299690939646,-0.684261248,1.2909219668301284,0.6733389287969223,0.36671339462724706,0.21017928804136554,0.34729860138624935,-0.846195214,-0.116965306,0.1826776607498257,0.6097105355881632
2018-05-22,0.2947868076708155,-0.668190374,1.180724429158553,0.8255706818453825,0.4970449602228693,0.3865350056780324,0.1445637074875862,-0.846195214,-0.061741418,0.2675002866581265,0.6097105355881632
2018-05-29,0.290843018,-0.668190374,1.346020735665916,1.1438734382194349,1.276231523310837,0.9717862792565679,-0.964515417,-0.846195214,-0.072786195,0.26255520901601004,0.6097105355881632
2018-06-05,0.2119672336632245,-0.700332121,1.5113170421732798,1.323783691822161,0.8207717518380957,0.9546189093223761,-0.726003778,-0.827495965,-0.205102632,0.036041564,0.6097105355881632
2018-06-12,0.14886660584791714,-0.732473868,1.5113170421732798,0.9916416851709747,0.7350518864957598,0.7298824196564357,-0.964515417,-0.827495965,-0.270266821,-0.084414709,0.6097105355881632
2018-06-19,0.11337250270180642,-0.748544741,1.5664158110090676,0.8670884326767803,1.2369919122059612,1.0825938544927818,0.6573637331085002,-0.827495965,-0.224467809,-0.012042044,0.6097105355881632
2018-06-26,0.12914765965563352,-0.732473868,1.786810886352219,0.5487856763027278,0.7100599917949114,0.9140414877895612,0.5142567492045848,-0.827495965,-0.318790211,-0.130374843,0.6097105355881632
2018-07-03,0.208023444,-0.700332121,1.180724429158553,0.10592966743447997,1.4654225055637733,1.436865958925884,-0.553082839,-0.771398221,-0.239856866,0.031561906,0.6097105355881632
2018-07-10,0.2040796551863115,-0.700332121,1.346020735665916,0.050572666325949235,1.4696267493304411,1.280798952274118,-0.565008421,-0.771398221,-0.1139464,0.2815210362081266,0.6097105355881632
2018-07-17,0.18041691975557025,-0.716402995,2.0072059616953704,0.23048291992867487,1.3939503566254647,1.2870416328460803,-0.964515417,-0.771398221,-0.138686702,0.2558066324691221,0.6097105355881632
2018-07-24,0.11337250270180642,-0.748544741,1.4011195045017046,0.534946426,1.1851395688200905,1.2917236427288172,1.4265637713311736,-0.771398221,-0.294859859,0.020420937,0.6097105355881632
2018-07-31,0.208023444,-0.700332121,1.1256256603227655,1.0331594360023735,1.197752301101085,1.193401428636527,-0.964515417,-0.771398221,-0.392863853,-0.110070936,0.6097105355881632
2018-08-07,0.17252934127865727,-0.716402995,1.6215145798448551,0.8255706818453825,1.455612602787554,1.5055354419400586,3.1557731590918805,-0.752698973,-0.430784257,-0.162721468,0.6097105355881632
2018-08-14,0.16858555204020076,-0.716402995,1.786810886352219,1.1438734382194349,1.2930484993584994,1.3697571466009346,0.40692651138099706,-0.752698973,-0.485345458,-0.218135426,0.6097105355881632
2018-08-21,0.050271875,-0.780686488,1.8970084240237943,0.9224454337853111,1.2159706923916305,1.4774433804586986,2.929187101696193,-0.752698973,-0.516270836,-0.262146618,0.6097105355881632
2018-08-28,0.093653557,-0.748544741,1.346020735665916,0.9362846840624439,1.2369919122059612,1.344786425405556,-0.243017707,-0.752698973,-0.484977299,-0.211968624,0.6097105355881632
2018-09-04,0.10942871346334991,-0.748544741,1.2909219668301284,0.8255706818453825,1.1949494715963096,1.3572717854570109,-0.964515417,-0.762048597,-0.439399183,-0.101897013,0.6097105355881632
2018-09-11,0.14097902737100304,-0.732473868,1.9521071928595828,1.4760154448706204,0.7324826268521251,0.9686649400630557,1.0807218935285952,-0.762048597,-0.411787239,-0.038890906,0.6097105355881632
2018-09-18,-0.032547699,-0.812828235,2.337798574710097,1.1023556873880371,1.193548057334417,1.3073303441587223,-0.964515417,-0.762048597,-0.4965375,-0.181541852,0.6097105355881632
2018-09-25,-0.198186847,-0.893182602,1.5664158110090676,0.5764641768569932,0.644193502,0.6939870080063579,0.043196261,-0.762048597,-0.523265862,-0.191053854,0.6097105355881632
2018-10-02,-0.107479695,-0.844969982,1.4562182733374922,1.0054809354481076,0.2644101230983893,0.3678069650546156,0.788545135,-0.7246501,-0.489763369,-0.126593313,0.6097105355881632
2018-10-09,-0.02860391,-0.812828235,1.8419096551880065,1.4898546951477534,0.3849317849368024,0.4193090770421292,0.11474975269890993,-0.7246501,-0.460899684,-0.091890503,0.6097105355881632
2018-10-16,-0.18241169,-0.877111729,2.2826998058743095,1.6974434493047443,0.12426865472654813,0.040066250976660535,-0.684264241,-0.7246501,-0.561554424,-0.288035553,0.6097105355881632
2018-10-23,-0.273118843,-0.925324349,2.227601037038522,1.4898546951477534,-0.394254778,-0.403164047,-0.791594479,-0.7246501,-0.691588274,-0.486245901,0.6097105355881632
2018-10-30,-0.458476937,-1.021749589,1.6766133486806436,1.4206584437620897,-0.645108006,-0.476515541,-0.368236318,-0.7246501,-0.795998239,-0.642452177,0.6097105355881632
2018-11-06,-0.513689986,-1.037820463,1.6766133486806436,2.1126209576187263,-0.44377143,-0.229669559,2.8755219825757012,-0.743349348,-0.828469885,-0.684456248,0.6097105355881632
2018-11-13,-0.635947453,-1.102103956,1.5664158110090676,2.209495709558656,-0.879144258,-0.627900537,-0.099910723,-0.743349348,-0.940463931,-0.900701585,0.6097105355881632
2018-11-20,-0.742429762,-1.150316576,1.7317121175164314,1.8635144526303375,-1.146814462,-0.966565941,0.16841487140200606,-0.743349348,-1.083677882,-1.102926171,0.6097105355881632
2018-11-27,-0.900181332,-1.21460007,1.5664158110090676,1.2407481901593644,-1.072539484,-1.072691505,1.0091684017853348,-0.743349348,-1.039793299,-1.045708714,0.6097105355881632
2018-12-04,-0.986944695,-1.26281269,1.2358231979943408,0.534946426,-0.978644701,-0.718419401,0.078973007,-0.715300476,-1.096268929,-1.135127353,0.6097105355881632
2018-12-11,-0.90806891,-1.230670943,1.5664158110090676,-0.848978602,-1.328998371,-1.155407019,-0.892961926,-0.715300476,-0.902690792,-0.818380586,0.6097105355881632
2018-12-18,-0.963281959,-1.246741817,1.2358231979943408,-1.208799109,-1.105612871,-0.768985111,-0.522076326,-0.715300476,-0.800931573,-0.638263405,0.6097105355881632
2018-12-25,-1.073708058,-1.294954437,1.5664158110090676,-0.738264599,-1.093560704,-0.812059604,0.061084634,-0.715300476,-0.878613176,-0.762501209,0.6097105355881632
2019-01-01,-1.105258372,-1.31102531,1.7317121175164314,-0.862817852,-0.909975381,-1.127314958,0.32941022834608547,-0.715300476,-1.033387328,-1.01088955,0.6097105355881632
2019-01-08,-1.101314583,-1.31102531,1.346020735665916,-1.74852987,-0.959024895,-1.021189393,-0.469603765,-0.715300476,-1.01439031,-0.973045162,0.6097105355881632
2019-01-15,-1.077651847,-1.31102531,1.346020735665916,-2.094511127,-1.654126577,-1.583030617,-0.910850298,-0.715300476,-0.829721627,-0.683699942,0.6097105355881632
2019-01-22,-1.06582048,-1.294954437,1.6215145798448551,-2.080671876,-1.893768488,-2.352440958,-0.207240961,-0.715300476,-0.704621112,-0.479671856,0.6097105355881632
2019-01-29,-1.195965524,-1.359237931,2.227601037038522,-2.523527885,-1.438308716,-1.848344528,1.355010279170518,-0.715300476,-0.681574342,-0.4633531,0.6097105355881632
2019-02-05,-1.286672677,-1.407450551,1.9521071928595828,-2.911026893,-1.484555401,-1.88736128,-0.815445642,-0.67790198,-0.638352445,-0.430279257,0.6097105355881632
2019-02-12,-1.318222991,-1.423521424,1.346020735665916,-2.75879514,-1.352822421,-1.43008495,1.0687963113626873,-0.67790198,-0.595498708,-0.404855741,0.6097105355881632
2019-02-19,-1.140752475,-1.327096184,0.7950330473080377,-2.136028877,-1.509780865,-1.573666596,-0.398050273,-0.67790198,-0.652489761,-0.491685486,0.6097105355881632
2019-02-26,-0.876518596,-1.21460007,1.786810886352219,-1.623976617,-1.251920564,-1.222515832,-0.171464215,-0.67790198,-0.631799211,-0.450874051,0.6097105355881632
2019-03-05,-0.864687228,-1.198529197,1.1256256603227655,-1.623976617,-1.804077948,-1.837419837,-0.219166543,-0.631153859,-0.579078805,-0.35793568,0.6097105355881632
2019-03-12,-0.710879448,-1.134245703,1.0154281226511892,-1.167281358,-1.394864861,-1.411356909,-0.040282813,-0.631153859,-0.572010147,-0.311335596,0.6097105355881632
2019-03-19,-0.5452403,-1.053891336,0.905230585,-0.793621601,-0.845510306,-0.899457128,-0.469603765,-0.631153859,-0.554117607,-0.289199101,0.6097105355881632
2019-03-26,-0.438757991,-1.005678716,0.6848355096364624,-0.558354346,-0.80486928,-0.910381819,-0.940664253,-0.631153859,-0.46870466,-0.175113251,0.6097105355881632
2019-04-02,-0.375657363,-0.684261248,1.2909219668301284,-0.973531854,-0.696960349,-0.735586771,1.3967498161251022,-0.593755363,-0.448971324,-0.131829277,0.6097105355881632
2019-04-09,-0.277062632,-0.218205919,-0.306942329,-1.001210355,-0.422283071,-0.396921367,-0.708115405,-0.593755363,-0.399196192,-0.034236716,0.6097105355881632
2019-04-16,-0.249456107,-0.202135046,-1.629312781,-0.572193596,-0.507535798,-0.479116657,0.85811103,-0.593755363,-0.339112602,0.093142667,0.6097105355881632
2019-04-23,-0.068041802,-0.121780679,-1.68441155,-0.032462835,-0.022879887,-0.103515395,0.9018381635443518,-0.593755363,-0.358035987,0.068359101,0.6097105355881632
2019-04-30,0.069990821,-0.057497185,-1.353818937,0.3965539232542676,-0.377437802,-0.340737245,0.23996836356266146,-0.593755363,-0.368418078,0.085521429,0.6097105355881632
2019-05-07,-0.012828753,-0.089638932,-1.188522631,0.3411969221457368,-0.102760524,-0.014557201,0.9256893278761674,-0.556356866,-0.415247936,0.001542376,0.6097105355881632
2019-05-14,-0.142973798,-0.153922426,-1.188522631,0.078251167,-0.158817112,-0.134728796,0.9793544465792635,-0.556356866,-0.492119589,-0.105474922,0.6097105355881632
2019-05-21,-0.107479695,-0.137851552,-1.849707857,0.38271467297713463,0.3891360296844607,0.17272320646679118,-0.404013064,-0.556356866,-0.501102675,-0.123364468,0.6097105355881632
2019-05-28,-0.154805166,-0.153922426,-0.74773248,0.4934286751941966,0.5797284261992891,0.4895392296530597,0.5858102409478447,-0.556356866,-0.507729541,-0.127000554,0.6097105355881632
2019-06-04,-0.312556735,-0.234276793,-0.968127555,0.47958942491706413,0.400347347,0.3319115530767971,-0.797557269,-0.56570649,-0.637100704,-0.365847805,0.6097105355881632
2019-06-11,-0.557071668,-0.346772906,-1.078325093,0.064411917,0.7717222379570008,0.7423677797078907,1.2536428322211868,-0.56570649,-0.759329577,-0.57700262,0.6097105355881632
2019-06-18,-0.5452403,-0.346772906,-1.408917706,0.078251167,0.6540034046423732,0.7439284503971155,0.17437766269365768,-0.56570649,-0.763305697,-0.607080327,0.6097105355881632
2019-06-25,-0.419039044,-0.282489413,-1.464016475,0.022894165771683867,0.994547172,0.959300919,1.038982356574011,-0.56570649,-0.731644001,-0.606033134,0.6097105355881632
2019-07-02,-0.253399896,-0.202135046,-1.794609088,0.4103931735314005,1.272027279544169,1.2886023024428364,-0.159538633,-0.51895837,-0.57650169,-0.358924696,0.6097105355881632
2019-07-09,-0.198186847,-0.186064172,-1.408917706,0.521107176,1.2804357670775048,1.3198157042101768,-0.952589835,-0.51895837,-0.577385273,-0.34036611,0.6097105355881632
2019-07-16,-0.119311062,-0.137851552,-1.188522631,0.42423242380853293,1.3519079160158134,1.1543846777929372,0.3950009292150892,-0.51895837,-0.56854945,-0.308106751,0.6097105355881632
2019-07-23,-0.245512318,-0.202135046,-0.472238636,0.2858399210372056,1.3855418681111384,1.5133387921087764,0.52021954,-0.51895837,-0.549773328,-0.272531281,0.6097105355881632
2019-07-30,-0.265231264,-0.218205919,-1.078325093,0.21664366965154194,1.3869432833540214,1.326058384782139,0.5738846591993325,-0.51895837,-0.664123593,-0.487845779,0.6097105355881632
2019-08-06,-0.245512318,-0.202135046,-0.251843561,0.050572666325949235,1.2061607896154116,1.2074474593772067,-0.660413076,-0.51895837,-0.628927568,-0.414949517,0.6097105355881632
2019-08-13,-0.486083462,-0.31463116,-0.141646023,-0.502997345,1.1907452278296418,1.1621880279616554,-0.696189822,-0.51895837,-0.715886785,-0.565919828,0.6097105355881632
2019-08-20,-0.513689986,-0.330702033,-0.968127555,-0.475318844,1.1290829816675523,1.2495855515992462,0.8660614178814194,-0.51895837,-0.68267882,-0.502593746,0.6097105355881632
2019-08-27,-0.537352722,-0.346772906,-0.692633711,-0.516836595,0.9149001047137679,1.0649062606313586,-0.011462657,-0.51895837,-0.667216131,-0.476152125,0.6097105355881632
2019-09-03,-0.568903036,-0.36284378,-1.298720168,-0.586032846,0.8824339980001852,0.9920749905692098,-0.654450286,-0.528307994,-0.686802204,-0.502419214,0.6097105355881632
2019-09-10,-0.608340928,-0.378914653,-0.913028787,-0.862817852,0.6413906723613786,0.5972254646032927,-0.105873514,-0.528307994,-0.662209165,-0.443543701,0.6097105355881632
2019-09-17,-0.564959246,-0.346772906,-1.188522631,-0.724425349,0.6876373567376981,0.8547360245408607,-0.457678183,-0.528307994,-0.621269856,-0.36305529,0.6097105355881632
2019-09-24,-0.49397104,-0.31463116,-0.692633711,-0.599872097,1.0169698073624753,0.9827109697112666,-0.964515417,-0.528307994,-0.59041811,-0.306681405,0.6097105355881632
2019-10-01,-0.533408932,-0.346772906,-0.692633711,-0.433801093,0.6932430157472489,0.6299995359673896,0.019345096623834483,-0.490909498,-0.590344478,-0.333443002,0.6097105355881632
2019-10-08,-0.588621982,-0.36284378,-0.74773248,-0.336926341,0.19153655891719823,0.26948475052533766,-0.213203752,-0.490909498,-0.706388276,-0.512832965,0.6097105355881632
2019-10-15,-0.5452403,-0.346772906,-1.2436214,-0.240051589,0.13127572799799167,0.155555836,-0.767743315,-0.490909498,-0.790254955,-0.659672683,0.6097105355881632
2019-10-22,-0.537352722,-0.346772906,-0.582436174,-0.170855338,-0.127985988,0.060354962,0.8362474626753482,-0.490909498,-0.762863906,-0.62348635,0.6097105355881632
2019-10-29,-0.529465143,-0.330702033,-0.968127555,-0.170855338,-0.05651384,0.055672952,1.7127777387216092,-0.490909498,-0.760360423,-0.638001607,0.6097105355881632
2019-11-05,-0.517633775,-0.330702033,-0.857930018,0.050572666325949235,-0.504966538,-0.300159823,1.5577451730691814,-0.481559874,-0.697699718,-0.547303065,0.6097105355881632
2019-11-12,-0.553127879,-0.346772906,-0.417139867,-0.309247841,-1.195863976,-1.131996968,0.18630324444216992,-0.481559874,-0.742099724,-0.63148574,0.6097105355881632
2019-11-19,-0.620172296,-0.378914653,-0.913028787,-0.475318844,-1.198666806,-1.17413506,-0.49941772,-0.481559874,-0.725311662,-0.584391148,0.6097105355881632
2019-11-26,-0.592565771,-0.36284378,-1.353818937,-0.433801093,-0.545607564,-0.627900537,-0.708115405,-0.481559874,-0.704842007,-0.54075811,0.6097105355881632
2019-12-03,-0.564959246,-0.346772906,-0.417139867,-0.461479594,-1.172039927,-0.985293982,0.5321451222447486,-0.434811753,-0.670529564,-0.476384834,0.6097105355881632
2019-12-10,-0.683272923,-0.4110564,-1.023226324,-0.959692604,-0.922588113,-0.844833676,-0.087985141,-0.434811753,-0.74710669,-0.602309782,0.6097105355881632
2019-12-17,-0.608340928,-0.378914653,-1.023226324,-0.682907598,-1.20006822,-1.072691505,0.5082939583303285,-0.434811753,-0.683783298,-0.491103712,0.6097105355881632
2019-12-24,-0.537352722,-0.346772906,-1.078325093,-0.558354346,-1.264533296,-1.476905052,-0.804513859,-0.434811753,-0.638499709,-0.437493253,0.6097105355881632
2019-12-31,-0.470308305,-0.31463116,-0.802831249,-0.392283343,-0.865130111,-0.577959095,0.16245208052775004,-0.434811753,-0.628043986,-0.438133204,0.6097105355881632
2020-01-07,-0.49397104,-0.31463116,-0.802831249,-0.447640344,-1.040306947,-0.780846203,-0.517306093,-0.416112505,-0.617588263,-0.43289724,0.6097105355881632
2020-01-14,-0.557071668,-0.346772906,-0.472238636,-0.26773009,-0.96042631,-1.143701993,3.960749943394882,-0.416112505,-0.63614349,-0.466174703,0.6097105355881632
2020-01-21,-0.632003663,-0.378914653,-0.913028787,-0.295408591,-1.449520034,-1.689156181,0.049159051829905966,-0.416112505,-0.722660915,-0.64082321,0.6097105355881632
2020-01-28,-0.722710816,-0.427127273,-0.417139867,-0.433801093,-1.125793242,-0.799574244,0.8839497909215833,-0.416112505,-0.720893751,-0.685067111,0.6097105355881632
2020-02-04,-0.841024493,-0.475339894,-0.857930018,-0.447640344,-1.261730466,-1.028992744,-0.445752601,-0.397413257,-0.82346292,-0.858872045,0.6097105355881632
2020-02-11,-0.860743439,-0.491410767,-0.74773248,-0.558354346,-1.477548327,-1.375461498,0.12667533444742235,-0.397413257,-0.899745518,-0.966820182,0.6097105355881632
2020-02-18,-0.797642811,-0.45926902,-1.298720168,-0.419961843,-1.328998371,-1.554938555,-0.111836305,-0.397413257,-0.886639048,-0.949803297,0.6097105355881632
2020-02-25,-0.667497767,-0.394985527,-1.2436214,-0.336926341,-1.066933826,-1.080494856,-0.755817732,-0.397413257,-0.826040034,-0.843396861,0.6097105355881632
2020-03-03,-0.884406175,-0.50748164,-0.306942329,-0.876657102,-1.251920564,-1.264653923,0.8183590896351843,-0.528307994,-0.815363416,-0.83208136,0.6097105355881632
2020-03-10,-1.002719852,-0.555694261,-0.086547254,-0.613711347,-0.587650004,-0.69657002,-0.493454929,-0.528307994,-0.958282839,-1.048297608,0.6097105355881632
2020-03-17,-1.629782341,-0.844969982,0.905230585,-1.568619616,-0.855320209,-0.763678832,-0.421901437,-0.528307994,-1.23631671,-1.512960374,0.6097105355881632
2020-03-24,-2.170081466,-1.102103956,-0.251843561,-2.025314875,-0.863728697,-0.93379187,0.35922418313476157,-0.528307994,-1.637315772,-2.009184371,0.6097105355881632
2020-03-31,-2.375158507,-1.198529197,-1.519115244,-1.817726121,-0.387247705,-0.314205854,0.1087869614072585,-0.528307994,-1.859536699,-2.29230461,0.6097105355881632
2020-04-07,-2.166137677,-0.748544741,-1.023226324,-1.471744864,-0.242901993,-0.326691214,-0.332459572,-0.593755363,-2.058342698,-2.525275945,0.6097105355881632
2020-04-14,-2.09909326,-0.716402995,-0.857930018,-1.028888855,-0.328388288,-0.46403018,0.6036986139880086,-0.593755363,-1.874704861,-2.291926457,0.6097105355881632
2020-04-21,-1.984723372,-0.668190374,-1.023226324,-0.378444092,-0.650713665,-0.847955016,-0.624636331,-0.593755363,-2.113934746,-2.586565819,0.6097105355881632
2020-04-28,-1.976835794,-0.668190374,-0.527337405,-0.696746849,-0.405466095,-0.351661935,-0.660413076,-0.593755363,-2.278722829,-2.736110784,0.6097105355881632
2020-05-05,-1.882184852,-0.619977754,-0.968127555,-1.291834611,-0.024281302,-0.020799882,-0.040282813,-0.612454611,-2.099282007,-2.595990555,0.6097105355881632
2020-05-12,-1.590344448,-0.475339894,-1.078325093,-1.236477609,-0.502163709,-0.643507237,-0.398050273,-0.612454611,-1.654987416,-2.084727704,0.6097105355881632
2020-05-19,-1.610063395,-0.491410767,-0.802831249,-1.623976617,0.082226214,0.17272320646679118,0.1445637074875862,-0.612454611,-1.510227197,-1.907548481,0.6097105355881632
2020-05-26,-1.4247053,-0.394985527,-0.913028787,-1.305673861,0.9959485865671546,0.7969912319813852,-0.594822376,-0.612454611,-1.334099808,-1.668992118,0.6097105355881632
2020-06-02,-1.432592879,-0.4110564,-0.472238636,-1.74852987,0.8053561900523258,0.6893049981236209,0.23400557227101004,-0.509608746,-1.252957508,-1.545626975,0.6097105355881632
2020-06-09,-1.306391623,-0.346772906,-1.078325093,-1.457905614,1.1416957139485469,0.8703427259707656,-0.463640974,-0.509608746,-1.161580381,-1.405535834,0.6097105355881632
2020-06-16,-1.251178574,-0.394985527,-0.472238636,-1.319513111,0.7535038466664554,0.6378028861361075,0.2578567366028253,-0.509608746,-1.089421167,-1.282752465,0.6097105355881632
2020-06-23,-1.121033529,-0.266418539,-1.353818937,-0.862817852,1.4163729916826784,1.2776776119881372,-0.415938646,-0.509608746,-1.139196298,-1.371327533,0.6097105355881632
2020-06-30,-1.11708974,-0.250347666,-0.637534942,-0.932014103,1.3449008427443698,1.182476738181828,-0.630599122,-0.509608746,-1.050764445,-1.269662554,0.6097105355881632
2020-07-07,-1.11314595,-0.250347666,-1.133423862,-0.959692604,1.7443040270645722,1.6007363157463677,-0.690227032,-0.509608746,-1.069098776,-1.30756512,0.6097105355881632
2020-07-14,-1.006663641,-0.202135046,-0.913028787,-0.77978235,1.5270847517258623,1.522702812966719,0.40692651138099706,-0.509608746,-0.962111696,-1.175386103,0.6097105355881632
2020-07-21,-1.053989112,-0.234276793,-0.802831249,-1.070406606,1.4345913819922333,1.472761370575962,0.1803404535679139,-0.509608746,-0.92014154,-1.187632443,0.6097105355881632
2020-07-28,-1.034270166,-0.218205919,-0.857930018,-0.945853354,1.534091824997306,1.472761370575962,0.6812148970229202,-0.509608746,-0.922424128,-1.181843793,0.6097105355881632
2020-08-04,-1.101314583,-0.250347666,-0.637534942,-1.125763607,1.2706258643012862,1.3369830752368377,4.020377852137443,-0.481559874,-0.884209197,-1.182105591,0.6097105355881632
2020-08-11,-1.172302789,-0.282489413,-1.298720168,-1.222638359,1.217372106653523,1.0958595498888495,-0.887992933,-0.481559874,-0.86204601,-1.191995746,0.6097105355881632
2020-08-18,-1.105258372,-0.250347666,-1.2436214,-1.125763607,1.272027279544169,1.2683135922226636,-0.565008421,-0.481559874,-0.814774361,-1.156856606,0.6097105355881632
2020-08-25,-1.014551219,-0.202135046,-1.353818937,-0.75210385,1.4177744059445707,1.2043261190912258,-0.869110761,-0.481559874,-0.750493755,-1.097632029,0.6097105355881632
2020-09-01,-0.943563013,-0.169993299,-0.527337405,-0.7659431,1.0674207355054628,1.1387779763630326,-0.457678183,-0.453511001,-0.717138526,-1.081575071,0.6097105355881632
2020-09-08,-1.06582048,-0.234276793,-0.74773248,-0.807460851,0.8852368265239703,0.8953134460736752,-0.433827019,-0.453511001,-0.663460907,-1.061416608,0.6097105355881632
2020-09-15,-1.207796892,-0.298560286,-0.417139867,-1.181120608,0.5404888150944134,0.6159535052267096,-0.362273527,-0.453511001,-0.755279825,-1.197668041,0.6097105355881632
2020-09-22,-1.184134157,-0.282489413,-1.133423862,-1.098085107,0.3891360296844607,0.2991374817127005,-0.797557269,-0.453511001,-0.782818138,-1.260819592,0.6097105355881632
2020-09-29,-1.156527632,-0.282489413,-1.078325093,-0.987371104,0.9384905851527234,0.8875100959049574,0.1087869614072585,-0.453511001,-0.858364417,-1.242580982,0.6097105355881632
2020-10-06,-1.168359,-0.282489413,-0.913028787,-0.973531854,0.10044460442645177,0.1415098051364379,-0.290720035,-0.416112505,-0.851369391,-1.216168449,0.6097105355881632
2020-10-13,-1.121033529,-0.266418539,-1.2436214,-0.987371104,0.19994504743152447,0.17584454664352517,-0.356310736,-0.416112505,-0.845184316,-1.232632649,0.6097105355881632
2020-10-20,-1.192021735,-0.298560286,-0.802831249,-1.388709362,-0.134993062,0.00885285,0.23400557227101004,-0.416112505,-0.791801224,-1.136116369,0.6097105355881632
2020-10-27,-1.239347206,-0.31463116,-0.802831249,-1.305673861,-0.147839363,-0.056695293,-0.060158783,-0.416112505,-0.784585302,-1.123840941,0.6097105355881632
2020-11-03,-1.306391623,-0.346772906,-0.527337405,-1.319513111,-0.603999842,-0.704893593,-0.491467332,-0.369364384,-0.844595261,-1.206161939,0.6097105355881632
2020-11-10,-1.326110569,-0.346772906,-1.188522631,-1.361030862,0.4283756407893365,0.26636341034860367,-0.964515417,-0.369364384,-0.901954473,-1.287959341,0.6097105355881632
2020-11-17,-1.251178574,-0.31463116,-1.078325093,-1.319513111,-0.476938244,-0.400042707,-0.332459572,-0.369364384,-0.778694754,-1.157322025,0.6097105355881632
2020-11-24,-1.247234785,-0.31463116,-1.078325093,-1.416387863,-0.667530641,-0.640385897,0.16841487140200606,-0.369364384,-0.743204202,-1.112612706,0.6097105355881632
2020-12-01,-1.089483215,-0.250347666,-0.857930018,-1.236477609,-0.67033347,-0.434377449,1.0807218935285952,-0.322616264,-0.681647974,-1.022321406,0.6097105355881632
2020-12-08,-1.156527632,-0.282489413,-0.913028787,-1.374870112,-1.107574851,-1.004022022,-0.630599122,-0.322616264,-0.611844979,-0.920307363,0.6097105355881632
2020-12-15,-1.121033529,-0.266418539,-0.968127555,-1.27799536,-0.89175699,-0.723101411,0.013382305749578273,-0.322616264,-0.585116617,-0.941629374,0.6097105355881632
2020-12-22,-1.034270166,-0.218205919,-1.188522631,-1.070406606,-1.285554516,-1.038356764,-0.737929359,-0.322616264,-0.513325562,-0.882026644,0.6097105355881632
2020-12-29,-1.026382587,-0.218205919,-1.408917706,-0.973531854,-1.058525337,-1.030553414,0.40692651138099706,-0.322616264,-0.475036999,-0.872223755,0.6097105355881632
2021-01-05,-0.963281959,-0.186064172,-1.023226324,-0.876657102,-1.166434268,-0.815180945,0.5619590770334248,-0.266518519,-0.483946453,-0.90235964,0.6097105355881632
2021-01-12,-0.841024493,-0.121780679,-1.353818937,-0.835139351,-1.295364419,-1.088298206,-0.946627044,-0.266518519,-0.378211115,-0.776434692,0.6097105355881632
2021-01-19,-0.758204919,-0.089638932,-1.133423862,-0.862817852,-1.030497044,-0.768360843,-0.779668896,-0.266518519,-0.234260845,-0.559054897,0.6097105355881632
2021-01-26,-0.762148708,-0.089638932,-1.188522631,-0.807460851,-1.37664647,-1.323959386,-0.421901437,-0.266518519,-0.24199219,-0.522083169,0.6097105355881632
2021-02-02,-0.710879448,-0.073568059,-1.353818937,-0.724425349,-1.757831264,-1.824934477,-0.964515417,-0.238469647,-0.220786217,-0.52807544,0.6097105355881632
2021-02-09,-0.588621982,-0.009284565,-1.2436214,-0.890496353,-1.565837452,-1.628290049,-0.696189822,-0.238469647,-0.123297645,-0.440053058,0.6097105355881632
2021-02-16,-0.557071668,0.006786308,-0.74773248,-1.070406606,-1.924599611,-1.943545401,-0.20127817,-0.238469647,0.060413823542935466,-0.198006052,0.6097105355881632
2021-02-23,-0.411151466,0.071069802,-1.408917706,-0.75210385,-1.404674764,-1.375461498,-0.111836305,-0.238469647,0.17005165,-0.076298964,0.6097105355881632
2021-03-02,-0.288894,0.13535329569987348,-1.078325093,-0.586032846,-0.919785284,-1.155407019,-0.49941772,-0.229120023,0.2515621095444395,-0.00677699,0.6097105355881632
2021-03-09,-0.253399896,0.1514241691011534,-0.582436174,-0.848978602,-0.991257433,-1.308352685,-0.964515417,-0.229120023,0.24795414883023542,-0.023532077,0.6097105355881632
2021-03-16,-0.170580322,0.18356591590371205,-1.023226324,-0.572193596,-0.617079712,-0.93379187,-0.839296806,-0.229120023,0.3274765482453445,0.1139992589084345,0.6097105355881632
2021-03-23,-0.292837789,0.13535329569987348,-0.306942329,-0.641389848,-0.300359994,-0.615415176,-0.940664253,-0.229120023,0.3345452059711323,0.130550725,0.6097105355881632
2021-03-30,-0.403263888,0.071069802,-1.023226324,-0.848978602,-0.18544399,-0.273628432,1.4027126069993583,-0.229120023,0.18308448782587255,-0.09797004,0.6097105355881632
2021-04-06,-0.229737161,0.44069989,-0.251843561,-0.613711347,-0.448909951,-0.588883785,-0.940664253,-0.191721526,0.2077511580148187,-0.096166541,0.6097105355881632
2021-04-13,-0.33621947,0.45677076372546693,-0.857930018,-0.835139351,0.15650119255998038,0.2882127912580014,0.4725172122500009,-0.191721526,0.2574526576492621,-0.09218139,0.6097105355881632
2021-04-20,-0.217905793,0.5210542573305854,-1.2436214,-0.613711347,-0.249909066,-0.304841833,-0.755817732,-0.191721526,0.3201869949656261,-0.0857237,0.6097105355881632
2021-04-27,-0.107479695,0.569266878,-0.527337405,-0.240051589,-0.325585459,-0.526456983,-0.338422363,-0.191721526,0.4580258206184826,0.024958772658328528,0.6097105355881632
2021-05-04,-0.091704538,0.5853377509357038,-1.574214013,-0.170855338,-0.133591647,-0.009875191,0.22804278139675382,-0.15432303,0.501321349,0.003345874,0.6097105355881632
2021-05-11,-0.004941174,0.6174794977382636,-1.2436214,0.078251167,-0.151810038,-0.250218381,-0.928738671,-0.15432303,0.6777432649283778,0.14061541209982537,0.6097105355881632
2021-05-18,-0.024660121,0.6014086243369837,-1.133423862,-0.018623585,0.7352854563569005,0.3319115530767971,-0.964515417,-0.15432303,0.7489452651454246,0.13473949631331011,0.6097105355881632
2021-05-25,-0.052266645,0.6014086243369837,-0.417139867,-0.032462835,1.295851328863275,1.0623051431801398,-0.952589835,-0.15432303,0.6653731139082492,0.12444209934090336,0.6097105355881632
2021-06-01,-0.064098013,0.5853377509357038,-1.519115244,-0.073980586,0.4774251546704314,0.20393660779714423,-0.016431649,-0.116924533,0.5971163877436138,0.083427044,0.6097105355881632
2021-06-08,0.030552928694215442,0.6335503711395435,-1.298720168,-0.087819836,1.2482032292440726,1.1122465855708976,-0.14165026,-0.116924533,0.7004218751319455,0.21479157673156965,0.6097105355881632
2021-06-15,0.054215664,0.6496212445408223,-1.2436214,-0.240051589,1.008561318848149,1.168430707441148,-0.55904563,-0.116924533,0.7878965144885658,0.33929117854485014,0.6097105355881632
2021-06-22,0.038440507171128444,0.6335503711395435,-0.802831249,-0.696746849,1.0407938566815815,0.7657778313065134,0.03723347,-0.116924533,0.7828159167481565,0.45541323705854503,0.6097105355881632
2021-06-29,0.12520387041717704,0.6817629913433821,-1.133423862,-0.461479594,1.2706258643012862,1.2417822014305286,1.5577451730691814,-0.116924533,0.7333353126676437,0.5199610446341689,0.6097105355881632
2021-07-06,0.14886660584791714,0.697833865,-1.2436214,-0.489158094,1.241196155972629,1.285480963249324,-0.648487495,-0.051477165,0.7507124295768715,0.5998967702843782,0.6097105355881632
2021-07-13,0.1961920767093974,0.7139047381459419,-0.857930018,-0.447640344,0.8249759956047636,1.1543846777929372,1.4742660991600136,-0.051477165,0.8521771206824461,0.6580159769252508,0.6097105355881632
2021-07-20,0.2356299690939646,0.7299756115472207,-0.582436174,-0.060141336,1.225547025306709,1.3890054100591138,-0.025375836,-0.051477165,0.8046845765873119,0.6658699237686121,0.6097105355881632
2021-07-27,0.16858555204020076,0.697833865,-1.464016475,-0.184694588,1.1739282517819791,1.1387779763630326,0.8302846718010918,-0.051477165,0.6297352978740711,0.453638827,0.6097105355881632
2021-08-03,0.29873059690927195,0.7621173583497804,-1.353818937,0.064411917,0.8726240952239661,0.9561795789191321,-0.219166543,0.032669452207331334,0.7649970087310667,0.5973951427713079,0.6097105355881632
2021-08-10,0.2868992291939025,0.7621173583497804,-0.857930018,0.3411969221457368,1.354710745520589,1.4415479688086208,-0.869110761,0.032669452207331334,0.780459698,0.5934972580416393,0.6097105355881632
2021-08-17,0.2947868076708155,0.7621173583497804,-0.968127555,0.38271467297713463,1.272027279544169,1.3744391564836713,-0.875073552,0.032669452207331334,0.6189850475827691,0.44290509949319223,0.6097105355881632
2021-08-24,0.1212600811787194,0.6817629913433821,-0.802831249,0.064411917,1.5298875812306376,1.563280234499534,-0.916813089,0.032669452207331334,0.5568397650768868,0.37143418321860583,0.6097105355881632
2021-08-31,0.2237986013785951,0.7299756115472207,-1.849707857,0.2996791713143385,1.445802700011335,1.5601588942135531,-0.523268884,0.032669452207331334,0.48725766558866657,0.27980480337939234,0.6097105355881632
2021-09-07,0.3066181753861861,0.7621173583497804,-1.298720168,0.4103931735314005,0.9917443428004866,0.8703427259707656,0.854135836,0.10746644504323351,0.6286308201044162,0.48668358097192743,0.6097105355881632
2021-09-14,0.2947868076708155,0.7621173583497804,-0.857930018,0.16128666854301119,0.951103317,0.8578573648268417,1.3251963243818423,0.10746644504323351,0.7025571988199444,0.5560892001136305,0.6097105355881632
2021-09-21,0.27506786147853185,0.7460464849485006,-0.802831249,-0.184694588,0.9160679500955101,0.9967570004519466,-0.594822376,0.10746644504323351,0.7311263571283355,0.6592086132977615,0.6097105355881632
2021-09-28,0.17647313051711377,0.697833865,-1.353818937,-0.599872097,0.533481742,0.5519660320952722,2.821856863,0.10746644504323351,0.8194109468493691,0.7046160615291936,0.6097105355881632
2021-10-05,0.27506786147853185,0.7460464849485006,-1.519115244,-0.544515096,0.45360110437033524,0.6393635557328634,0.6514009418168487,0.18226343787913835,0.9493711644120246,0.9027391428259823,0.6097105355881632
2021-10-12,0.4564821664475409,0.8424717253561789,-1.353818937,-0.240051589,0.5699185234230704,1.0498197831286853,-0.040282813,0.18226343787913835,1.0670348628058626,1.0978079114614634,0.6097105355881632
2021-10-19,0.5787396328397002,0.8906843455600174,-1.408917706,-0.073980586,0.3737204678986908,0.46456850845768083,0.454628839,0.18226343787913835,1.209733390645198,1.2114865198461129,0.6097105355881632
2021-10-26,0.6812781530395748,0.9388969657638571,-1.133423862,-0.004784335,-0.202260966,-0.011435861,0.8660614178814194,0.18226343787913835,1.3045712151328468,1.3192601237522354,0.6097105355881632
2021-11-02,0.6615592068472912,0.9388969657638571,-0.74773248,-0.170855338,-0.188713958,0.074400992,1.3937684206879741,0.23836118250606564,1.2984597714740926,1.4092896255307643,0.6097105355881632
2021-11-09,0.5787396328397002,0.8906843455600174,-0.637534942,-0.323087091,-0.20646521,-0.378193326,-0.821408433,0.23836118250606564,1.2276995623649072,1.351112241505867,0.6097105355881632
2021-11-16,0.547189319,0.8746134721587386,-0.692633711,-0.419961843,-0.463391236,-0.29339692,-0.025375836,0.23836118250606564,1.163860747278889,1.2367645932049312,0.6097105355881632
2021-11-23,0.48408869111673863,0.8424717253561789,-1.078325093,-0.25389084,-0.56242454,-0.607611826,-0.678301449,0.23836118250606564,1.1361751711862216,1.1507493309241204,0.6097105355881632
2021-11-30,0.38155017091686405,0.7942591051523402,-1.188522631,0.022894165771683867,-1.048715435,-0.913503159,0.22804278139675382,0.23836118250606564,1.158117462876687,1.0149924053020218,0.6097105355881632
2021-12-07,0.066047032,0.6496212445408223,-1.023226324,-0.226212339,-0.873538599,-0.755875482,0.10282417053300229,0.30380855123748035,0.8898029967020026,0.5622269141282569,0.6097105355881632
2021-12-14,0.2356299690939646,0.7299756115472207,-1.629312781,0.092090417,-0.765629669,-0.71061605,0.24593115443691765,0.30380855123748035,0.7801651701009861,0.3069736417190192,0.6097105355881632
2021-12-21,0.28295544,0.7621173583497804,-1.353818937,0.17512591882014364,-0.84971455,-0.785528213,-0.415938646,0.30380855123748035,0.8800099604777342,0.38929464,0.6097105355881632
2021-12-28,0.3184495431015556,0.7781882317510603,-1.519115244,0.022894165771683867,-1.075342314,-0.983733312,-0.26090608,0.30380855123748035,0.8825870752735944,0.3884219793538757,0.6097105355881632
2022-01-04,0.4328194310168008,0.8264008519548989,-1.2436214,0.092090417,-1.194462562,-1.152285679,-0.696189822,0.4066544163868502,1.0420736652116755,0.5799419275638387,0.6097105355881632
2022-01-11,0.4446507987321714,0.8264008519548989,-1.2436214,-0.143176838,-1.460731351,-1.977880144,-0.898924716,0.4066544163868502,1.114969198008859,0.6675279792133215,0.6097105355881632
2022-01-18,0.5629644758858732,0.8906843455600174,-1.078325093,-0.198533839,-1.565837452,-1.829616487,1.4265637713311736,0.4066544163868502,1.3005214633107804,0.9130365397983892,0.6097105355881632
2022-01-25,0.6536716283703771,0.9228260923625772,-0.692633711,-0.25389084,-1.823697754,-2.232269363,-0.672338659,0.4066544163868502,1.464720492,1.126373007017688,0.6097105355881632
2022-02-01,0.7798728840009929,0.9871095859676956,-1.078325093,-0.143176838,-1.762035508,-1.965394782,-0.958552626,0.5001506574317299,1.4832020864116018,1.1542399739656137,0.6097105355881632
2022-02-08,1.0007250813545692,1.083534826375374,-0.692633711,-0.157016088,-1.527999256,-1.514361134,0.03723347,0.5001506574317299,1.648726488157126,1.4608056990848113,0.6097105355881632
2022-02-15,1.067769498408333,1.1156765731779337,-0.527337405,-0.198533839,-1.469139839,-1.614244018,-0.720040986,0.5001506574317299,1.7683782465363416,1.5605217353034855,0.6097105355881632
2022-02-22,1.067769498408333,1.1156765731779337,0.1338478212785842,-0.350765592,-0.918383869,-1.288063974,1.969177751740764,0.5001506574317299,1.8845693079039736,1.6373449709083627,0.6097105355881632
2022-03-01,1.0756570768852471,1.1317474465792126,-1.023226324,-0.419961843,-1.386456373,-1.703202212,-0.726003778,0.649744643,1.9065852314457492,1.6299273544451878,0.6097105355881632
2022-03-08,1.6908881980844959,1.4210231678022471,-1.794609088,-0.586032846,-0.994060262,-1.097662226,-0.49941772,0.649744643,2.1973574122700708,1.9569133413571242,0.6097105355881632
2022-03-15,1.9314593416303558,1.5335192816112042,1.6215145798448551,0.46575017463993124,-1.173441341,-1.091419546,-0.040282813,0.649744643,2.8090172011046204,2.696522424465646,0.6097105355881632
2022-03-22,1.4345418975848088,1.2924561805920092,-0.802831249,-0.406122593,-0.353613752,-0.442180799,-0.541157257,0.649744643,2.3887265938255053,2.1026767770315056,0.6097105355881632
2022-03-29,1.7737077720920869,1.4531649146048058,0.7399342784722501,-0.184694588,-1.040306947,-0.988415322,0.35922418313476157,0.649744643,2.590036075307828,2.4951995870474883,0.6097105355881632
2022-04-05,1.5134176823539434,1.5495901550124842,-0.141646023,-0.198533839,-0.591854248,-0.655992598,-0.636561912,0.6964927636259768,2.6093276203511233,2.546250241529336,0.6097105355881632
2022-04-12,1.4463732653001795,1.6620862688214424,0.6297367408006749,-0.309247841,-0.321381215,-0.250218381,-0.469603765,0.6964927636259768,2.412804209203969,2.2099267844814037,0.6097105355881632
2022-04-19,1.5804620994077072,1.7102988890252808,-2.235399239,-0.157016088,-0.374634973,-0.365707966,0.138600917,0.6964927636259768,2.422449981725616,2.2365429376727946,0.6097105355881632
2022-04-26,1.970897234014923,1.9031493698406374,-0.031448485,0.9086061835081791,-0.111169012,-0.128486116,-0.02239444,0.6964927636259768,2.7047544996492547,2.6451808830636736,0.6097105355881632
2022-05-03,2.101042278883995,1.9674328634457559,-1.904806626,1.4206584437620897,-0.310169897,-0.237733021,-0.117799096,0.8647859975067587,2.5711863213723953,2.407642624090018,0.6097105355881632
2022-05-10,2.503308781206581,2.1442124708598325,-0.74773248,2.195656459281523,0.21115636446963612,0.27884877083704607,-0.708115405,0.8647859975067587,2.692016189372575,2.6551583044239444,0.6097105355881632
2022-05-17,2.7478237139908983,2.2727794580700693,-1.188522631,2.5693162167641073,0.9412934146574988,0.7205183987984928,-0.755817732,0.8647859975067587,2.6679385739941117,2.6854105441168903,0.6097105355881632
2022-05-24,2.799092974090835,2.288850331471349,0.18894659011437184,2.2786919609443195,0.5236718390467509,0.3584429441966726,-0.791594479,0.8647859975067587,2.783319685,2.961345876546979,0.6097105355881632
2022-05-31,2.7044420323678735,2.2406377112675107,-0.306942329,1.960389204570266,1.0449981004482496,0.932769528,-0.74389215,0.8647859975067587,2.778533614662162,3.0666760303240563,0.6097105355881632
2022-06-07,3.0593830638289785,2.4174173186815864,-1.078325093,3.233600230066478,0.7689194084522254,0.573815413,1.6233358739381853,0.9489326144471509,2.866597308829265,3.216599148956217,0.6097105355881632
2022-06-14,3.1855843194595943,2.465629938885426,-0.086547254,2.9014582234152924,0.8417929716524262,0.8032339125533471,-0.374199109,0.9489326144471509,2.8982590048926875,3.3199221829844348,0.6097105355881632
2022-06-21,2.8779687588599696,2.320992078273909,0.3542428966217357,2.5693162167641073,1.1080617618532218,0.8937527764769193,-0.952589835,0.9489326144471509,2.812772425521445,3.2617447989595374,0.6097105355881632
2022-06-28,2.755711292467811,2.2727794580700693,0.078749052,2.9014582234152924,1.3168725486776056,1.0357737523880053,-0.690227032,0.9489326144471509,2.4627266043923433,2.709641424563261,0.6097105355881632
2022-07-05,2.542746673591148,1.6138736486176026,0.1338478212785842,2.942975974,1.169724007034321,1.059183802894159,-0.457678183,0.9676318626561284,2.3228997187541087,2.5633543924326556,-1.636317164
2022-07-12,2.0576605972609716,1.0192513327702555,0.24404535895015947,2.209495709558656,1.1571112757343167,1.0810331838035567,-0.80352006,0.9676318626561284,2.0453076393143292,2.2052144163753873,-1.636317164
2022-07-19,1.8841338707688755,0.9388969657638571,0.29914412778594807,1.8219967017989387,1.3463022570062622,1.2214934901178867,0.6812148970229202,0.9676318626561284,1.9665951902636325,2.0929902425913594,-1.636317164
2022-07-26,1.797370507522827,0.9067552189612973,0.023650283607008944,2.0434247062330626,1.3645206482968075,1.4321839490431472,0.34729860138624935,0.9676318626561284,2.0140877343587675,2.206465230131922,-1.636317164
2022-08-02,1.9669534447764665,0.9871095859676956,-0.031448485,2.583155467041239,1.256611717758399,1.202765449,-0.881036343,0.9582822385516384,1.920722546897324,2.0997388191382482,-1.636317164
2022-08-09,1.5686307316923376,0.7942591051523402,1.346020735665916,1.6420864481962136,1.3603164045301397,1.472761370575962,0.090898589,0.9582822385516384,1.877942441286048,2.038187146839906,-1.636317164
2022-08-16,1.4384856868232654,0.7299756115472207,-0.251843561,1.572890197,1.1781324955486472,1.0966398852334618,-0.964515417,0.9582822385516384,1.713890676566729,1.7827593422785941,-1.636317164
2022-08-23,1.2689027495696268,0.6496212445408223,0.1338478212785842,0.9362846840624439,1.3224782076871564,1.330740394664876,1.4384893530796858,0.9582822385516384,1.798420041870938,1.865371227593948,-1.636317164
2022-08-30,1.0401629737391365,0.5531960041331452,0.3542428966217357,-0.143176838,1.193548057334417,1.2058867897804508,-0.612710749,0.9582822385516384,1.821687706884989,1.9905107806315026,-1.636317164
2022-09-06,0.8311421441009297,0.45677076372546693,1.2358231979943408,-0.406122593,0.9861386837909355,0.9998783407379275,-0.946627044,1.0143799831785683,1.8342051216077373,2.0170687564388685,-1.636317164
2022-09-13,0.6142337359858099,0.34427464991650875,0.29914412778594807,-0.710586099,0.9861386837909355,1.1528240071037121,-0.624636331,1.0143799831785683,1.4666349198667874,1.592082966136992,-1.636317164
2022-09-20,0.6497278391319206,0.36034552331778863,-0.857930018,-0.433801093,0.9623146344718296,0.8921921068801634,-0.505380511,1.0143799831785683,1.5035244773732408,1.6198917557008936,-1.636317164
2022-09-27,0.704940888,0.39248727012034845,-0.692633711,0.27200067076007317,0.43257988455600443,0.4583258278857188,1.8439591408770122,1.0143799831785683,1.3765095338629967,1.4579840959596035,-1.636317164
2022-10-04,0.8587486687701273,0.45677076372546693,-1.2436214,0.521107176,0.17892382663620368,0.1711625364330476,-0.964515417,1.1078762242234481,1.0940577522367374,1.0881213770213176,-1.636317164
2022-10-11,1.4227105298694382,0.7299756115472207,-0.527337405,1.2130696896050985,0.24899456131261938,0.10093238349437642,-0.934701462,1.1078762242234481,1.180207018269773,1.2466838371811757,-1.636317164
2022-10-18,1.2965092742388236,0.6656921179421021,0.1338478212785842,1.351462192376426,-0.05371101,0.047869601254625395,0.16841487140200606,1.1078762242234481,1.3532418688489463,1.504555091871534,-1.636317164
2022-10-25,1.1900269648004924,0.6174794977382636,-0.857930018,1.323783691822161,0.080824799,-0.000511171,-0.904887507,1.1078762242234481,1.1554667162295167,1.1758819608228757,-1.636317164
2022-11-01,1.6790568303691251,0.8424717253561789,-0.857930018,2.6938694692583014,0.010754065178588373,-0.031204349,0.1763652593734795,1.154624344745888,1.1243940749765755,1.1140394016044097,-1.636317164
2022-11-08,1.6514503056999286,0.8424717253561789,-0.582436174,2.237174210112921,0.10464884917411024,0.16491985618882632,-0.833334016,1.154624344745888,1.181974183,1.2255363580881256,-1.636317164
2022-11-15,1.4621484222540053,0.7460464849485006,1.2358231979943408,1.7251219498590102,-0.458719853,-0.307963174,0.6156241961539164,1.154624344745888,1.2420577733704135,1.319667365,-1.636317164
2022-11-22,1.0165002383083963,0.5371251307318653,0.18894659011437184,1.2269089398822315,-1.187455488,-1.038356764,-0.398050273,1.154624344745888,1.1839622426865974,1.163955597097772,-1.636317164
2022-11-29,0.8153669871471037,0.44069989,0.078749052,1.0469986862795064,-0.671734885,-0.542063683,-0.684264241,1.154624344745888,1.0002507736674324,0.9312751496901944,-1.636317164
2022-12-06,0.555076897,0.32820377651522886,-0.362041098,0.27200067076007317,-0.764228254,-0.740268782,0.860098627,1.154624344745888,0.9233054890481827,0.826119528,-1.636317164
2022-12-13,0.2198548121401375,0.16749504250243213,0.29914412778594807,-0.295408591,-1.209878123,-0.968126611,-0.696189822,1.154624344745888,0.7900318381765647,0.642657148,-1.636317164
2022-12-20,0.27901165071698836,0.18356591590371205,-0.637534942,-0.25389084,-1.226695099,-0.907260479,1.9512893787006003,1.154624344745888,0.7276656601167518,0.5358434704729661,-1.636317164
2022-12-27,0.38549396015532056,0.2478494095088305,-0.196744792,-0.364604842,-1.505576621,-1.575227266,1.0628335204884314,1.154624344745888,0.7784716375208494,0.6426862362346903,-1.636317164
2023-01-03,0.622121314,0.36034552331778863,-0.251843561,0.3688754227000022,-0.692756105,-0.337615905,1.235754459181023,1.2107220893728152,0.8338427897061846,0.7052269240614552,-1.636317164
2023-01-10,0.4801449018782821,0.2799911563113903,0.5195392031290986,0.3550361724228693,-1.142610218,-0.804256254,0.31152185530592164,1.2107220893728152,0.7416557118657061,0.5658048232457882,-1.636317164
2023-01-17,0.6063461575088969,0.34427464991650875,-1.023226324,0.521107176,-1.286955931,-1.289624644,-0.207240961,1.2107220893728152,0.5987362884724402,0.37256864220709096,-1.636317164
2023-01-24,0.8350859333393873,0.45677076372546693,-0.857930018,0.9639631846167098,-1.100567778,-0.771482183,-0.332459572,1.2107220893728152,0.775158204,0.5890757768557472,-1.636317164
2023-01-31,0.8824114042008675,0.4728416371267468,0.7399342784722501,0.7702136807368517,-1.345815347,-1.197545111,0.6036986139880086,1.2107220893728152,0.8372298548664582,0.6550780190319935,-1.636317164
2023-02-07,0.53930174,0.3121329031139501,-0.086547254,0.2581614204829402,-1.317787054,-1.731294273,-0.940664253,1.2294213375817902,0.7610208887603115,0.5093436720496256,-1.636317164
2023-02-14,0.5826834220781567,0.32820377651522886,-0.637534942,-0.046302086,-0.744608449,-0.787088884,0.7110288518115963,1.2294213375817902,0.6531502265907418,0.3751284471041868,-1.636317164
2023-02-21,0.5984585790319839,0.34427464991650875,0.24404535895015947,-0.101659087,-0.746009863,-0.880729087,-0.32053399,1.2294213375817902,0.7654387998389288,0.5843634087497308,-1.636317164
2023-02-28,0.46042595568599853,0.2799911563113903,-0.086547254,-0.378444092,-1.37664647,-1.370779488,0.8004707170124155,1.2294213375817902,0.641810921,0.421961241,-1.636317164
2023-03-07,0.6418402606550075,0.36034552331778863,-1.2436214,-0.018623585,-1.041708361,-0.837030326,1.0151311926595912,1.257470209895255,0.700274611,0.5359598252410158,-1.636317164
2023-03-14,0.7088846777087714,0.39248727012034845,0.6848355096364624,0.092090417,-1.277146028,-1.069570165,-0.231092125,1.257470209895255,0.767647755,0.6771854249614543,-1.636317164
2023-03-21,0.4485945879706279,0.2639202829101104,0.1338478212785842,0.3550361724228693,-0.80486928,-0.93379187,-0.445752601,1.257470209895255,0.5560298147124736,0.3809170968146641,-1.636317164
2023-03-28,0.5156390050243917,0.2960620297126702,-0.802831249,0.3550361724228693,-0.626889615,-0.562352394,1.0807218935285952,1.257470209895255,0.4427840273972529,0.15094189776424452,-1.636317164
2023-04-04,0.6931095207549444,0.6014086243369837,-0.306942329,0.050572666325949235,-0.563825955,-0.801134914,0.854135836,1.3135679545221823,0.5181094112876762,0.26255520901601004,-1.636317164
2023-04-11,0.9297368750623477,1.0192513327702555,-0.802831249,0.32735767186860387,-0.144802965,-0.426574099,0.5858102409478447,1.3135679545221823,0.7191243653647589,0.572640666,-1.636317164
2023-04-18,1.0401629737391365,1.067463952974094,-0.968127555,0.6179819276883914,0.6035524755183953,0.37092830424812756,-0.570971212,1.3135679545221823,0.7737591990369911,0.6726185,-1.636317164
2023-04-25,1.1663642293697511,1.1317474465792126,0.4093416654575233,0.9916416851709747,-0.29895858,-0.21900498,0.34729860138624935,1.3135679545221823,0.812931344,0.6907407554392556,-1.636317164
2023-05-02,1.0243878167853093,1.067463952974094,0.1338478212785842,0.9639631846167098,-0.391451949,-0.181548898,1.3967498161251022,1.3322672027311573,0.6810566982373402,0.5326728030436094,-1.636317164
2023-05-09,0.7917042517163624,0.954967839,0.6848355096364624,0.6179819276883914,0.10324743393122736,0.11185707394907529,0.007419515,1.3322672027311573,0.5257671238239465,0.37966628305812866,-1.636317164
2023-05-16,0.886355193,1.0031804593689755,0.24404535895015947,0.8670884326767803,0.8488000449238698,0.4037023756122242,-0.964515417,1.3322672027311573,0.48225069969956663,0.3010686372404922,-1.636317164
2023-05-23,0.9967812921161127,1.0513930795728141,-0.251843561,1.2269089398822315,0.3036497342032651,0.1789658867110123,0.4963683761644209,1.3322672027311573,0.4844596552388757,0.3089225840838535,-1.636317164
2023-05-30,1.2807341172849964,1.179960066783052,-0.306942329,2.0849424570644612,0.7128628212996868,0.455204489,-0.964515417,1.3322672027311573,0.5421133948148296,0.41349643186860685,-1.636317164
2023-06-06,1.1545328616543817,1.1317474465792126,0.8501318161438264,1.6144079476419477,1.1458999577152147,1.027970402219287,-0.404013064,1.3509664509401347,0.4445511918286999,0.2855352757058448,-1.636317164
2023-06-13,1.209745910992776,1.1478183199804923,0.46444043429331094,1.9465499542931342,0.6596090626709336,0.6939870080063579,2.7801173265006263,1.3509664509401347,0.44904273475862744,0.3143912581821935,-1.636317164
2023-06-20,1.1624204401312948,1.1317474465792126,-0.251843561,1.8496752023532046,0.8375887278857582,0.8516146842548799,-0.726003778,1.3509664509401347,0.4324019363625028,0.26409690969266975,-1.636317164
2023-06-27,1.095376023077531,1.099605699776654,1.0154281226511892,1.531372445979152,1.059012247972127,1.3151336943274399,0.6335125691940803,1.3509664509401347,0.5625830494790898,0.42786624572275667,-1.636317164
2023-07-04,0.9888937136391985,1.0513930795728141,-0.527337405,1.531372445979152,1.1599141042581018,1.2277361706898486,-0.74389215,1.435113067880527,0.49373726850397176,0.34086196791352225,-1.636317164
2023-07-11,1.0914322338390743,1.099605699776654,-0.362041098,1.337622942099293,1.3743305510730268,1.2901629731320612,-0.779668896,1.435113067880527,0.5240735912438098,0.41082027220346135,-1.636317164
2023-07-18,1.1624204401312948,1.1317474465792126,-0.251843561,1.309944441545028,1.1178716646294407,1.193401428636527,1.682963783932933,1.435113067880527,0.6437253496230254,0.5557401358094808,-1.636317164
2023-07-25,1.292565485000367,1.196030940184332,-0.802831249,1.8358359520760716,1.2047593743725287,1.2230541597146427,-0.135687469,1.435113067880527,0.7025571988199444,0.579185622,-1.636317164
2023-08-01,1.5015863146385726,1.2924561805920092,0.023650283607008944,1.960389204570266,1.2061607896154116,1.198083439611733,1.0210939835338473,1.5286093089254067,0.7371641689357785,0.643878873,-1.636317164
2023-08-08,1.4424294760617218,1.2603144337894505,0.4093416654575233,1.4483369443163554,1.091244784824569,1.187158749157034,-0.034320022,1.5286093089254067,0.785834823,0.7611353901093817,-1.636317164
2023-08-15,1.5844058886461647,1.324597927394569,-0.196744792,1.8635144526303375,1.1388928844437713,1.188719419,-0.696189822,1.5286093089254067,0.8188955238901967,0.8672800272628072,-1.636317164
2023-08-22,1.533136628546227,1.3085270539932892,0.6297367408006749,1.8358359520760716,1.0660193212435702,1.0108030311926262,-0.600785167,1.5286093089254067,0.7610208887603115,0.8071537008730755,-1.636317164
2023-08-29,1.4897549469232032,1.2763853071907305,0.5746379719648872,1.794318201244674,0.8473986306619773,1.0154850410753635,0.21015440835658997,1.5286093089254067,0.6775960012257574,0.670349582,-1.636317164
2023-09-05,1.4463732653001795,1.2603144337894505,0.6848355096364624,1.0885164371109042,1.1991537153629777,1.0264097315300622,-0.964515417,1.5566581812388691,0.6759024686456206,0.6693896555021185,-1.636317164
2023-09-12,1.481867368446289,1.2763853071907305,-0.196744792,1.0469986862795064,0.998751416,1.168430707441148,-0.374199109,1.5566581812388691,0.8278786097500519,0.9425906508830366,-1.636317164
2023-09-19,1.6041248348384483,1.340668800795849,1.0705268914869768,0.9501239343395769,0.7058557480282435,0.5909827840313309,-0.910850298,1.5566581812388691,0.8515144340206533,1.0112399640324161,-1.636317164
2023-09-26,1.1150949692698144,1.1156765731779337,0.3542428966217357,-0.212373089,0.6806302834662548,0.8001125722673662,-0.964515417,1.5566581812388691,0.9320676793541072,1.1503711779279582,-1.636317164
2023-10-03,1.0717132876467907,1.083534826375374,0.3542428966217357,-0.572193596,0.8361873126428754,0.9483762287504138,-0.898924716,1.5566581812388691,0.9109353380280548,1.1330052287965262,-1.636317164
2023-10-10,0.8232545656240167,0.9710387125664157,1.0705268914869768,-0.655229098,0.3344808567938146,0.5051459299904953,0.38903813834083323,1.5566581812388691,0.8621174206093349,1.0896921663899903,-1.636317164
2023-10-17,0.7364912023779692,0.9228260923625772,0.023650283607008944,-0.821300101,-0.046703937,0.10873573377234128,-0.964515417,1.5566581812388691,0.7445273540668071,0.9214722604819988,-1.636317164
2023-10-24,0.9297368750623477,1.0192513327702555,-0.417139867,-0.101659087,-0.027084132,0.055672952,-0.612710749,1.5566581812388691,0.789074624,0.9717666089715227,-1.636317164
2023-10-31,0.9336806643008053,1.0192513327702555,0.7399342784722501,-0.073980586,-0.018675643,0.1586771758353581,-0.177427006,1.5566581812388691,0.711319389,0.8602114751037819,-1.636317164
2023-11-07,0.7522663593317952,0.9388969657638571,-0.141646023,0.23048291992867487,-0.391451949,-0.173225325,-0.498423921,1.5940566776568215,0.6232556949587651,0.7249781459379078,-1.636317164
2023-11-14,0.6891657315164879,0.9067552189612973,0.29914412778594807,0.32735767186860387,-0.580642931,-0.476515541,0.013382305749578273,1.5940566776568215,0.5058128921188586,0.5228408251434015,-1.636317164
2023-11-21,0.704940888,0.9228260923625772,0.6297367408006749,0.27200067076007317,-0.531593417,-0.593565795,0.055121843,1.5940566776568215,0.432475568,0.4094821923708886,-1.636317164
2023-11-28,0.704940888,0.9067552189612973,0.4093416654575233,0.3965539232542676,-0.980046115,-0.835469656,-0.254943289,1.5940566776568215,0.4352735785636038,0.3961886601211997,-1.636317164
2023-12-05,0.6339526821780934,0.8906843455600174,0.078749052,0.4519109243627983,-0.91558104,-0.69813069,-0.129724678,1.6408047981792613,0.4220934771790628,0.37285952912721587,-1.636317164
2023-12-12,0.4762011126398245,0.810329979,0.7950330473080377,0.14744741826587826,-0.754418351,-0.535821003,-0.147613051,1.6408047981792613,0.3484616258687763,0.27043824455138377,-1.636317164
2023-12-19,0.43676322025525727,0.7942591051523402,-0.086547254,0.16128666854301119,-0.796460792,-0.655992598,-0.111836305,1.6408047981792613,0.24986857696430279,0.1478003190268996,-1.636317164
2023-12-26,0.6063461575088969,0.8746134721587386,0.5746379719648872,0.32735767186860387,-0.950616407,-0.674720639,-0.463640974,1.6408047981792613,0.3316735637700312,0.25141423997524237,-1.636317164
2024-01-02,0.48408869111673863,0.810329979,0.6297367408006749,0.23048291992867487,-1.022088556,-0.588883785,0.6215869870281724,1.6221055499702866,0.4128158639139668,0.34923951121310715,-1.636317164
2024-01-09,0.4998638480705658,0.8264008519548989,0.24404535895015947,0.2858399210372056,-1.15802578,-0.963444601,1.1999777135180902,1.6221055499702866,0.339773067,0.24062233523862378,-1.636317164
2024-01-16,0.4209880633014313,0.7781882317510603,-0.086547254,0.1197689177116129,-1.361230909,-1.311474025,0.19226603531642614,1.6221055499702866,0.38343675524116244,0.34548706994350137,-1.636317164
2024-01-23,0.4998638480705658,0.8264008519548989,-0.362041098,0.13360816798874584,-1.719993067,-1.782796385,-0.43978981,1.6221055499702866,0.404348201,0.3906618086388342,-1.636317164
2024-01-30,0.6694467853242042,0.9067552189612973,0.18894659011437184,0.10592966743447997,-1.033299873,-0.602929816,0.5261823309530972,1.6221055499702866,0.40942879875369337,0.3859494405328178,-1.636317164
2024-02-06,0.5629644758858732,0.8424717253561789,-0.031448485,0.2858399210372056,-0.989856018,-0.813620275,-0.964515417,1.6408047981792613,0.5149432416813342,0.513212468,-1.636317164
2024-02-13,0.7128284669472279,0.9228260923625772,-0.251843561,0.47958942491706413,-0.687150447,-0.610733166,-0.910850298,1.6408047981792613,0.3072277891350157,0.22212192711870668,-1.636317164
2024-02-20,0.795648041,0.954967839,0.24404535895015947,0.32735767186860387,-1.378047885,-1.370779488,-0.570971212,1.6408047981792613,0.3526586413934622,0.3100570430723393,-1.636317164
2024-02-27,0.6733905745626607,0.9067552189612973,0.078749052,-0.129337587,-0.645108006,-0.94939857,0.10282417053300229,1.6408047981792613,0.3895481988999165,0.36387112329536947,-1.636317164
2024-03-05,0.7364912023779692,0.9228260923625772,0.1338478212785842,-0.26773009,-0.474135415,-0.587323115,-0.43978981,1.6782032945972138,0.40788252987617707,0.38013170213032804,-1.636317164
2024-03-12,0.6891657315164879,0.9067552189612973,-0.086547254,-0.25389084,-0.532994832,-0.503046932,-0.087985141,1.6782032945972138,0.5119243357776128,0.4913086830019072,-1.636317164
2024-03-19,0.9415682427777183,1.0192513327702555,-0.582436174,0.18896516909727656,-0.507769367,-0.535821003,0.2936334822657578,1.6782032945972138,0.5153850327891956,0.4520680374771138,-1.636317164
2024-03-26,1.1032636015544437,1.099605699776654,0.1338478212785842,0.3550361724228693,-1.13420173,-1.074252175,-0.034320022,1.6782032945972138,0.6463760962701958,0.6446351785995247,-1.636317164
2024-04-02,1.1229825477467275,1.324597927394569,0.4093416654575233,0.064411917,-0.531593417,-0.507728942,-0.487492138,1.706252166910676,0.6317233578594488,0.6087106439641501,-1.636317164
2024-04-09,1.300453063,1.7263697624265608,0.078749052,0.38271467297713463,-0.381642046,-0.337615905,2.5714196417277067,1.706252166910676,0.7563084502764532,0.78449361,-1.636317164
2024-04-16,1.3320033773849342,1.7424406358278406,0.3542428966217357,0.3550361724228693,0.083627628,0.024459550311484002,1.8499219317512685,1.706252166910676,0.8364199045020448,0.8637602955293008,-1.636317164
2024-04-23,1.6593378841768416,1.8870784964393574,0.24404535895015947,1.6005686973648157,-0.178436917,-0.169063538,0.2876706913915016,1.706252166910676,0.7727283531186472,0.773468996,-1.636317164
2024-04-30,1.6120124133153613,1.8710076230380777,0.6297367408006749,1.351462192376426,-0.084542133,-0.028603232,0.12071254357316615,1.706252166910676,0.7463681503495644,0.7173569086306465,-1.636317164
2024-05-07,1.481867368446289,1.8067241294329592,0.9603293538154016,1.3653014426535588,0.4241713960416782,0.3990203657294874,-0.248980498,1.7436506633286286,0.7450427770259795,0.7062450282818906,-1.636317164
2024-05-14,1.3596099020541308,1.7585115092291206,0.5195392031290986,1.0608379365566383,0.4255728112845611,0.4505224777170008,-0.737929359,1.7436506633286286,0.7057233684262864,0.6509474247662256,-1.636317164
2024-05-21,1.3241157989080201,1.7424406358278406,0.46444043429331094,0.9224454337853111,0.8642156067096398,0.8906314361909384,-0.737929359,1.7436506633286286,0.7336298400728847,0.6839049128163305,-1.636317164
2024-05-28,1.308340641954194,1.7263697624265608,0.9603293538154016,0.8947669332310462,0.9202721938621781,0.8750247358535025,1.5577451730691814,1.7436506633286286,0.8406905518780418,0.7986307141134278,-1.636317164
2024-06-04,1.2452400141388855,1.694228015624001,1.2358231979943408,0.8117314315682496,0.770320823,0.6674556172142232,-0.767743315,1.762349911537606,0.7962169136866282,0.734111995,-1.636317164
2024-06-11,1.1229825477467275,1.6460153954201624,0.29914412778594807,0.72869593,0.6554048189042656,0.7829452023331744,-0.153575842,1.762349911537606,0.6784059515901698,0.596697014,-1.636317164
2024-06-18,1.2018583325158618,1.6781571422227222,0.4093416654575233,0.6733389287969223,1.1010546876007878,0.95774025,-0.26090608,1.762349911537606,0.7349552133964703,0.7108992190038828,-1.636317164
2024-06-25,1.316228220431107,1.7263697624265608,0.4093416654575233,0.8670884326767803,1.3042598173776014,1.4118952377305054,0.7945079257207641,1.762349911537606,0.792977112,0.8249850690767069,-1.636317164
2024-07-02,1.383272637484871,1.7585115092291206,0.24404535895015947,1.0608379365566383,0.9973500018100374,0.8750247358535025,0.3353730192203417,1.799748407955556,0.7903263655818056,0.8488377965269143,-1.636317164
2024-07-09,1.473979789969376,1.8067241294329592,0.1338478212785842,1.2961051912678951,1.396753186,1.4196985878992232,-0.785631687,1.799748407955556,0.783699499,0.8351661112810639,-1.636317164
2024-07-16,1.4305981083463524,1.7906532560316792,0.9603293538154016,0.9778024348938428,1.2201749361582988,1.3744391564836713,9.047010663,1.799748407955556,0.7806805930601585,0.8097716831541961,-1.636317164
2024-07-23,1.391160215961785,1.7585115092291206,0.6297367408006749,0.9916416851709747,1.1503377713430234,1.0976803319954556,-0.964515417,1.799748407955556,0.7216278483093079,0.755317652,-1.636317164
2024-07-30,1.3793288482464146,1.7585115092291206,0.7950330473080377,1.3791406929306917,1.2320869608178515,1.283400069725337,0.7955017244780704,1.799748407955556,0.6538129132525347,0.6317488880380097,-1.636317164
2024-08-06,1.367497480531045,1.7585115092291206,0.9603293538154016,1.3929799432078247,1.3196753781823811,1.563280234499534,1.7008521569730968,1.8090980320600458,0.5245890142029813,0.4601256051645621,-1.636317164
2024-08-13,1.2610151710927127,1.7102988890252808,0.18894659011437184,0.9639631846167098,1.043596686186357,1.1122465855708976,-0.582896794,1.8090980320600458,0.4518407451084183,0.36532555789599186,-1.636317164
2024-08-20,1.2412962249004291,1.694228015624001,1.346020735665916,0.8117314315682496,1.0183712216243679,1.088836535064744,-0.43978981,1.8090980320600458,0.5971900195949239,0.582007225,-1.636317164
2024-08-27,1.0165002383083963,1.597802775216324,1.0154281226511892,0.46575017463993124,1.1893438125867588,0.9764682902317738,-0.964515417,1.8090980320600458,0.5269452334449108,0.46285994221373244,-1.636317164
2024-09-03,0.9455120320161748,1.5495901550124842,0.7950330473080377,0.42423242380853293,0.9875400990338183,0.9717862792565679,-0.427864228,1.8090980320600458,0.49572532848934936,0.41937234765512144,-1.636317164
2024-09-10,0.7325474131395115,1.4531649146048058,1.346020735665916,0.18896516909727656,0.6892723408607313,0.6206355151094466,-0.310596005,1.8090980320600458,0.4473492021784907,0.3459524890157008,-1.636317164
2024-09-17,0.6536716283703771,1.4210231678022471,0.7399342784722501,-0.115498337,1.0968504438341198,1.0357737523880053,-0.964515417,1.8090980320600458,0.29279594627819927,0.13485585108136044,-1.636317164
2024-09-24,0.6733905745626607,1.4370940412035271,0.5195392031290986,-0.115498337,0.8740255094858586,1.1294139565975585,1.7008521569730968,1.8090980320600458,0.3948496921942565,0.258511881,-1.636317164